Date,Open,High,Low,Close,Volume,Dividends,Stock Splits
2016-01-04,41.09,41.75,39.66,41.73,4982727,0.0,0
2016-01-05,42.32,43.32,41.72,42.61,2554024,0.0,0
2016-01-06,42.97,44.14,41.87,42.62,4047421,0.0,0
2016-01-07,41.43,42.47,40.73,41.24,2258307,0.0,0
2016-01-08,41.05,41.23,38.29,38.74,2456643,0.0,0
2016-01-11,37.75,38.58,36.98,37.58,4552899,0.0,0
2016-01-12,38.23,38.9,38.04,38.71,2191574,0.0,0
2016-01-13,38.7,38.86,37.93,38.27,1980630,0.0,0
2016-01-14,37.66,37.88,35.78,36.51,2516956,0.0,0
2016-01-15,36.08,36.47,34.96,35.31,2082351,0.0,0
2016-01-18,35.32,35.93,33.84,34.15,1039639,0.0,0
2016-01-19,34.98,37.08,34.95,37.08,1845598,0.0,0
2016-01-20,35.64,36.22,33.69,34.59,1776040,0.0,0
2016-01-21,35.17,35.93,34.81,35.84,1791394,0.0,0
2016-01-22,36.79,37.08,35.85,36.91,1476133,0.0,0
2016-01-25,37.46,37.48,35.79,35.79,1014895,0.0,0
2016-01-26,35.41,36.48,34.84,36.17,1397169,0.0,0
2016-01-27,36.22,36.74,35.51,36.23,991569,0.0,0
2016-01-28,36.19,36.35,34.7,34.7,1085476,0.0,0
2016-01-29,35.71,35.71,34.4,34.98,890465,0.0,0
2016-02-01,34.98,35.05,34.05,34.88,696768,0.0,0
2016-02-02,35.14,35.22,31.48,31.54,1971915,0.0,0
2016-02-03,31.54,32.91,30.58,31.49,3826104,0.0,0
2016-02-04,32.31,32.84,30.58,32.52,1328437,0.0,0
2016-02-05,33.02,33.5,32.49,32.49,1218151,0.0,0
2016-02-08,33.02,33.18,30.89,30.89,935207,0.0,0
2016-02-09,30.2,30.53,28.59,29.05,1562180,0.0,0
2016-02-10,28.73,30.89,27.81,28.95,1665071,0.0,0
2016-02-11,28.14,28.34,26.67,26.76,1845964,0.0,0
2016-02-12,27.47,28.71,26.77,28.71,1072836,0.0,0
2016-02-15,29.58,30.1,28.77,29.71,1053213,0.0,0
2016-02-16,30.07,30.07,29.09,29.83,688545,0.0,0
2016-02-17,30.17,33.26,30.04,32.92,1687005,0.0,0
2016-02-18,33.72,34.2,32.76,33.12,1928082,0.0,0
2016-02-19,32.97,33.42,32.09,32.84,941920,0.0,0
2016-02-22,33.39,34.45,33.28,34.38,1114981,0.0,0
2016-02-23,34.06,34.58,33.53,33.69,660668,0.0,0
2016-02-24,33.73,34.11,32.09,32.88,1166949,0.0,0
2016-02-25,33.43,33.45,32.02,33.26,845586,0.0,0
2016-02-26,33.43,33.96,33.27,33.73,962981,0.0,0
2016-02-29,33.65,34.01,33.0,34.01,1247044,0.0,0
2016-03-01,33.3,34.37,33.26,34.33,1087257,0.0,0
2016-03-02,34.62,34.91,34.32,34.5,821434,0.0,0
2016-03-03,34.69,34.69,34.02,34.33,699543,0.0,0
2016-03-04,34.4,34.4,33.7,34.4,639312,0.0,0
2016-03-07,34.39,35.05,33.99,35.05,893955,0.0,0
2016-03-08,35.16,36.51,34.9,36.11,1560995,0.0,0
2016-03-09,35.6,36.55,35.55,36.41,1000191,0.0,0
2016-03-10,36.44,37.26,35.09,35.18,1578587,0.0,0
2016-03-11,35.97,36.54,35.79,36.21,832185,0.0,0
2016-03-14,36.51,36.86,36.04,36.48,774383,0.0,0
2016-03-15,36.1,36.17,35.43,35.71,654688,0.0,0
2016-03-16,35.87,36.23,35.5,36.02,474384,0.0,0
2016-03-17,36.47,36.52,35.47,36.24,768588,0.0,0
2016-03-18,36.41,36.44,36.01,36.12,803375,0.0,0
2016-03-21,35.85,36.24,35.64,35.91,438646,0.0,0
2016-03-22,35.6,36.01,34.84,35.65,710869,0.0,0
2016-03-23,35.6,36.08,35.08,35.15,476113,0.0,0
2016-03-24,35.05,35.21,34.37,34.91,448754,0.0,0
2016-03-29,35.07,35.57,34.51,35.03,439658,0.0,0
2016-03-30,35.14,35.78,35.02,35.57,559384,0.0,0
2016-03-31,35.57,35.64,34.84,34.88,563505,0.0,0
2016-04-01,34.4,34.62,34.14,34.31,623952,0.0,0
2016-04-04,34.23,34.77,34.06,34.68,471930,0.0,0
2016-04-05,34.3,34.33,33.69,33.82,523551,0.0,0
2016-04-06,34.07,34.59,33.59,34.59,619763,0.0,0
2016-04-07,34.57,34.95,33.91,33.97,671409,0.0,0
2016-04-08,34.1,34.99,34.04,34.7,650554,0.0,0
2016-04-11,34.3,34.77,33.75,34.75,598486,0.0,0
2016-04-12,34.75,34.96,34.2,34.42,612322,0.0,0
2016-04-13,34.87,35.55,34.87,35.36,721697,0.0,0
2016-04-14,35.55,36.11,35.21,35.84,747522,0.0,0
2016-04-15,36.11,37.16,35.69,36.98,1165460,0.0,0
2016-04-18,36.44,37.35,36.2,37.3,619701,0.0,0
2016-04-19,37.21,37.73,36.93,37.56,656965,0.0,0
2016-04-20,37.33,37.79,37.27,37.79,586728,0.0,0
2016-04-21,37.32,37.72,37.18,37.43,696875,0.0,0
2016-04-22,36.96,37.08,36.61,36.89,471933,0.0,0
2016-04-25,36.83,36.93,36.33,36.44,499034,0.0,0
2016-04-26,36.6,37.05,36.57,36.98,465568,0.0,0
2016-04-27,37.18,37.43,36.9,37.17,430935,0.0,0
2016-04-28,37.04,37.99,36.51,37.99,583031,0.0,0
2016-04-29,37.99,38.29,37.58,37.58,1119615,0.0,0
2016-05-02,38.15,39.28,37.22,37.27,1635778,0.0,0
2016-05-03,37.15,37.25,35.86,36.37,1019944,0.0,0
2016-05-04,36.34,37.15,36.34,36.85,594489,0.0,0
2016-05-05,36.66,37.42,36.03,36.17,581221,0.0,0
2016-05-06,35.99,36.64,35.74,36.32,648156,0.0,0
2016-05-09,36.29,36.36,35.82,36.04,425406,0.0,0
2016-05-10,36.13,36.7,36.13,36.63,520569,0.0,0
2016-05-11,36.27,36.46,35.89,36.46,482483,0.0,0
2016-05-12,36.15,36.62,36.06,36.35,339630,0.0,0
2016-05-13,35.92,37.29,35.85,37.29,581106,0.0,0
2016-05-16,36.93,37.13,36.46,36.94,261194,0.0,0
2016-05-17,37.05,37.1,35.66,36.13,511010,0.0,0
2016-05-18,35.67,36.11,35.61,35.94,507439,0.0,0
2016-05-19,35.45,36.15,34.63,34.82,672396,0.0,0
2016-05-20,34.61,35.19,34.5,35.09,574466,0.0,0
2016-05-23,35.15,35.46,34.82,34.82,477089,0.46,0
2016-05-24,34.71,35.92,34.49,35.68,618346,0.0,0
2016-05-25,35.92,36.77,35.89,36.63,704997,0.0,0
2016-05-26,36.44,36.59,36.2,36.36,415424,0.0,0
2016-05-27,36.16,36.56,36.09,36.36,437270,0.0,0
2016-05-30,36.56,37.1,36.5,36.95,286421,0.0,0
2016-05-31,36.86,37.02,36.53,36.87,731606,0.0,0
2016-06-01,36.97,36.99,36.44,36.78,410875,0.0,0
2016-06-02,36.68,37.43,36.53,37.3,565348,0.0,0
2016-06-03,37.53,37.55,36.47,36.67,488487,0.0,0
2016-06-06,36.5,36.87,36.29,36.72,286074,0.0,0
2016-06-07,36.86,37.55,36.74,37.55,472607,0.0,0
2016-06-08,37.7,37.77,37.11,37.18,426664,0.0,0
2016-06-09,37.25,37.3,36.48,37.01,372786,0.0,0
2016-06-10,37.02,37.02,35.86,36.23,665909,0.0,0
2016-06-13,35.82,35.96,35.05,35.4,834267,0.0,0
2016-06-14,35.2,35.65,34.98,35.45,675945,0.0,0
2016-06-15,35.66,36.01,35.1,35.72,499932,0.0,0
2016-06-16,35.2,35.6,34.94,35.57,481123,0.0,0
2016-06-17,35.34,36.27,35.28,36.13,657851,0.0,0
2016-06-20,36.78,37.25,36.6,37.03,585069,0.0,0
2016-06-21,37.07,37.45,36.68,36.68,429155,0.0,0
2016-06-22,36.65,37.19,36.38,36.38,620017,0.0,0
2016-06-23,36.39,37.35,36.3,37.35,554057,0.0,0
2016-06-24,32.53,36.03,31.95,35.54,1709740,0.0,0
2016-06-27,35.01,35.57,34.39,34.57,1084826,0.0,0
2016-06-28,34.65,35.53,34.29,35.02,827743,0.0,0
2016-06-29,35.16,35.37,34.67,34.68,813698,0.0,0
2016-06-30,34.95,35.47,34.58,35.47,639914,0.0,0
2016-07-01,35.56,36.36,35.33,36.05,444731,0.0,0
2016-07-04,36.08,36.18,35.63,35.81,291732,0.0,0
2016-07-05,35.61,35.83,35.21,35.31,444449,0.0,0
2016-07-06,34.9,34.91,33.7,34.87,887148,0.0,0
2016-07-07,34.89,35.08,34.32,34.69,396504,0.0,0
2016-07-08,34.58,36.34,34.58,36.34,556775,0.0,0
2016-07-11,36.29,37.23,36.29,37.03,674869,0.0,0
2016-07-12,36.81,37.55,36.66,37.53,589415,0.0,0
2016-07-13,37.25,37.65,36.5,36.63,543383,0.0,0
2016-07-14,37.11,37.52,37.02,37.38,464415,0.0,0
2016-07-15,37.27,37.3,36.83,37.12,239319,0.0,0
2016-07-18,37.05,37.49,36.8,37.1,258496,0.0,0
2016-07-19,36.91,37.24,36.51,37.21,278922,0.0,0
2016-07-20,37.3,37.53,36.93,37.04,345184,0.0,0
2016-07-21,37.25,37.7,36.85,37.7,408742,0.0,0
2016-07-22,37.53,37.83,37.21,37.83,419052,0.0,0
2016-07-25,37.69,38.18,37.55,38.06,406846,0.0,0
2016-07-26,38.23,38.58,37.76,38.44,568458,0.0,0
2016-07-27,38.46,39.68,38.46,39.65,1090174,0.0,0
2016-07-28,39.25,39.44,38.04,38.48,716723,0.0,0
2016-07-29,38.6,39.59,38.52,39.14,697432,0.0,0
2016-08-01,39.0,39.58,38.86,39.2,391632,0.0,0
2016-08-02,39.66,40.5,37.84,40.18,1336961,0.0,0
2016-08-03,40.18,40.97,38.81,40.59,1253563,0.0,0
2016-08-04,40.59,41.27,40.28,40.29,750311,0.0,0
2016-08-05,40.35,41.22,40.32,41.08,451040,0.0,0
2016-08-08,41.03,41.8,41.03,41.37,550443,0.0,0
2016-08-09,41.37,41.76,41.19,41.57,488979,0.0,0
2016-08-10,41.41,41.77,41.17,41.66,514112,0.0,0
2016-08-11,41.57,41.78,41.23,41.66,535546,0.0,0
2016-08-12,41.69,42.09,41.59,42.05,536578,0.0,0
2016-08-16,41.66,41.9,40.84,41.0,583152,0.0,0
2016-08-17,41.28,41.49,40.49,41.23,506714,0.0,0
2016-08-18,41.47,41.6,40.94,41.31,299398,0.0,0
2016-08-19,40.92,41.23,40.31,41.16,522464,0.0,0
2016-08-22,41.06,41.51,40.8,41.45,385038,0.0,0
2016-08-23,41.47,41.98,41.41,41.74,434038,0.0,0
2016-08-24,41.6,42.28,41.37,41.66,468468,0.0,0
2016-08-25,41.52,41.7,41.01,41.42,415056,0.0,0
2016-08-26,41.57,41.81,41.13,41.63,271848,0.0,0
2016-08-29,42.0,42.1,41.43,41.86,504208,0.0,0
2016-08-30,42.08,42.28,41.94,42.0,498864,0.0,0
2016-08-31,42.04,42.2,41.72,41.81,550256,0.0,0
2016-09-01,41.78,42.27,41.45,41.45,509147,0.0,0
2016-09-02,41.71,41.93,41.23,41.9,487258,0.0,0
2016-09-05,41.89,42.1,41.61,41.88,242733,0.0,0
2016-09-06,41.81,42.03,41.58,41.78,294315,0.0,0
2016-09-07,41.98,43.13,41.68,43.05,888140,0.0,0
2016-09-08,42.64,42.87,41.83,42.39,615488,0.0,0
2016-09-09,42.34,42.58,41.87,41.93,485248,0.0,0
2016-09-12,41.3,41.57,40.6,41.56,542948,0.0,0
2016-09-13,41.61,41.73,40.89,40.99,412675,0.0,0
2016-09-14,41.28,41.42,40.83,40.94,386281,0.0,0
2016-09-15,40.8,41.32,40.18,41.13,422491,0.0,0
2016-09-16,40.84,41.27,40.04,40.22,694629,0.0,0
2016-09-19,40.43,41.49,40.33,41.44,436839,0.0,0
2016-09-20,41.38,41.5,40.9,41.09,354062,0.0,0
2016-09-21,41.52,42.51,41.44,42.38,771449,0.0,0
2016-09-22,42.38,43.55,42.38,43.41,978056,0.0,0
2016-09-23,43.5,43.94,43.29,43.69,766256,0.0,0
2016-09-26,43.28,43.32,42.39,43.23,667741,0.0,0
2016-09-27,43.27,43.73,42.93,43.36,598328,0.0,0
2016-09-28,43.28,44.11,43.05,43.99,553470,0.0,0
2016-09-29,44.29,44.74,43.72,44.03,688301,0.0,0
2016-09-30,43.41,44.92,43.36,44.74,864099,0.0,0
2016-10-03,44.71,44.99,44.39,44.97,452161,0.0,0
2016-10-04,44.78,45.95,44.78,45.82,794433,0.0,0
2016-10-05,45.65,46.31,45.17,46.13,1001392,0.0,0
2016-10-06,45.99,46.35,45.89,46.16,602060,0.0,0
2016-10-07,46.2,46.43,45.9,46.36,485401,0.0,0
2016-10-10,46.09,47.41,46.09,46.65,661147,0.0,0
2016-10-11,46.76,46.99,46.45,46.53,519780,0.0,0
2016-10-12,46.45,46.74,46.36,46.7,473192,0.0,0
2016-10-13,46.44,46.62,46.07,46.41,763692,0.0,0
2016-10-14,45.76,46.71,45.64,46.55,800393,0.0,0
2016-10-17,46.17,46.56,46.1,46.13,304486,0.0,0
2016-10-18,46.01,46.89,45.76,45.95,541379,0.0,0
2016-10-19,46.31,46.36,45.64,46.22,456332,0.0,0
2016-10-20,46.36,46.65,46.08,46.65,465099,0.0,0
2016-10-21,46.94,46.94,46.27,46.6,396753,0.0,0
2016-10-24,46.76,47.16,46.61,47.11,457994,0.0,0
2016-10-25,47.08,47.98,46.92,46.96,565881,0.0,0
2016-10-26,46.97,47.8,46.6,47.18,448990,0.0,0
2016-10-27,47.25,47.34,46.74,46.96,415494,0.0,0
2016-10-28,46.95,47.09,46.47,47.01,407922,0.0,0
2016-10-31,46.66,47.03,46.18,46.43,580509,0.0,0
2016-11-01,46.53,46.89,45.15,45.15,503516,0.0,0
2016-11-02,44.92,45.08,44.23,44.53,656237,0.0,0
2016-11-03,44.72,44.87,44.13,44.13,477156,0.0,0
2016-11-04,44.09,44.71,43.35,44.6,502713,0.0,0
2016-11-07,45.0,47.71,44.91,47.61,1228802,0.0,0
2016-11-08,48.37,48.38,47.22,47.87,878249,0.0,0
2016-11-09,45.68,47.86,45.49,47.86,921516,0.0,0
2016-11-10,47.95,48.31,47.06,47.06,838587,0.0,0
2016-11-11,48.12,48.16,47.09,48.16,904750,0.0,0
2016-11-14,48.38,49.02,47.52,48.44,819954,0.0,0
2016-11-15,48.0,48.49,47.42,48.35,554801,0.0,0
2016-11-16,48.39,48.82,47.63,48.49,743717,0.0,0
2016-11-17,48.25,48.73,48.03,48.49,494838,0.0,0
2016-11-18,48.39,48.97,48.1,48.28,596881,0.0,0
2016-11-21,48.06,48.87,47.29,48.82,432670,0.0,0
2016-11-22,49.11,49.6,48.87,49.26,681819,0.0,0
2016-11-23,49.36,49.45,48.53,49.31,420745,0.0,0
2016-11-24,49.26,50.42,49.11,50.42,535487,0.0,0
2016-11-25,50.08,50.32,49.74,49.94,302145,0.0,0
2016-11-28,49.36,49.65,48.68,49.31,480232,0.0,0
2016-11-29,49.07,50.18,49.02,50.18,429138,0.0,0
2016-11-30,49.7,50.28,49.7,50.03,671153,0.0,0
2016-12-01,49.36,49.84,49.07,49.74,503849,0.0,0
2016-12-02,49.74,49.74,49.16,49.16,406651,0.0,0
2016-12-05,48.87,50.42,48.49,49.99,668143,0.0,0
2016-12-06,49.84,50.52,49.55,50.52,816283,0.0,0
2016-12-07,50.66,51.05,50.66,51.0,577010,0.0,0
2016-12-08,50.66,51.97,50.66,51.78,699799,0.0,0
2016-12-09,51.78,52.31,51.49,52.02,560276,0.0,0
2016-12-12,52.26,52.45,51.53,51.82,665603,0.0,0
2016-12-13,51.49,52.5,51.49,52.5,567082,0.0,0
2016-12-14,52.5,53.03,52.5,52.74,601175,0.0,0
2016-12-15,53.23,54.15,53.13,54.1,877582,0.0,0
2016-12-16,54.58,54.58,53.95,54.24,821049,0.0,0
2016-12-19,54.24,54.49,54.15,54.49,387949,0.0,0
2016-12-20,54.29,54.73,54.05,54.73,386413,0.0,0
2016-12-21,54.58,54.78,54.1,54.1,352368,0.0,0
2016-12-22,53.76,54.44,53.13,53.47,380739,0.0,0
2016-12-23,53.47,54.29,53.37,54.1,296656,0.0,0
2016-12-27,53.81,54.78,53.52,53.95,295291,0.0,0
2016-12-28,54.24,54.39,53.81,54.05,247358,0.0,0
2016-12-29,53.71,54.15,53.42,53.47,215903,0.0,0
2016-12-30,53.42,54.05,53.32,53.52,226876,0.0,0
2017-01-02,53.37,54.39,53.37,54.39,240887,0.0,0
2017-01-03,54.44,55.16,54.34,54.34,499350,0.0,0
2017-01-04,54.68,55.07,54.29,54.87,317854,0.0,0
2017-01-05,54.78,54.92,54.34,54.34,266985,0.0,0
2017-01-06,54.73,54.73,53.86,54.05,262188,0.0,0
2017-01-09,54.2,54.34,52.84,53.28,556932,0.0,0
2017-01-10,53.71,54.1,53.47,53.95,386364,0.0,0
2017-01-11,54.05,54.58,53.52,54.49,384953,0.0,0
2017-01-12,54.15,55.36,52.65,53.28,1018386,0.0,0
2017-01-13,54.0,55.36,53.71,54.73,628644,0.0,0
2017-01-16,54.0,54.87,53.81,54.78,412820,0.0,0
2017-01-17,54.58,54.87,53.91,54.1,458066,0.0,0
2017-01-18,54.0,54.58,53.76,54.39,280025,0.0,0
2017-01-19,54.34,55.07,54.05,54.97,394224,0.0,0
2017-01-20,55.16,55.16,54.39,54.53,347276,0.0,0
2017-01-23,54.58,55.45,53.95,55.07,491445,0.0,0
2017-01-24,55.02,56.76,55.02,56.18,744410,0.0,0
2017-01-25,56.62,57.2,56.13,56.28,545884,0.0,0
2017-01-26,56.91,57.0,55.89,56.08,546534,0.0,0
2017-01-27,55.99,56.23,55.7,56.08,315501,0.0,0
2017-01-30,55.99,56.23,54.92,54.92,502288,0.0,0
2017-01-31,55.12,56.52,55.12,55.84,853406,0.0,0
2017-02-01,55.74,56.37,55.5,55.74,480109,0.0,0
2017-02-02,55.26,58.79,55.26,57.82,1387913,0.0,0
2017-02-03,58.07,59.23,58.07,59.03,832093,0.0,0
2017-02-06,59.03,59.03,57.87,58.21,626676,0.0,0
2017-02-07,57.97,58.84,57.82,58.45,458549,0.0,0
2017-02-08,58.45,59.03,58.02,59.03,471868,0.0,0
2017-02-09,59.03,59.18,58.12,58.99,495240,0.0,0
2017-02-10,59.23,59.37,58.55,59.03,365077,0.0,0
2017-02-13,59.28,60.49,59.03,60.44,457558,0.0,0
2017-02-14,60.44,61.16,59.81,60.49,513178,0.0,0
2017-02-15,60.97,60.97,59.86,59.86,432405,0.0,0
2017-02-16,60.2,60.63,59.62,60.24,358496,0.0,0
2017-02-17,59.91,60.34,58.99,59.47,458678,0.0,0
2017-02-20,59.71,59.91,59.08,59.28,228412,0.0,0
2017-02-21,59.03,60.39,58.94,59.91,379634,0.0,0
2017-02-22,60.29,60.44,59.57,60.2,495553,0.0,0
2017-02-23,60.58,60.92,60.05,60.1,408053,0.0,0
2017-02-24,60.15,60.34,59.13,59.23,583180,0.0,0
2017-02-27,59.91,60.39,59.28,60.1,381452,0.0,0
2017-02-28,60.1,60.34,59.52,59.52,445805,0.0,0
2017-03-01,59.76,60.73,59.66,60.58,488064,0.0,0
2017-03-02,60.53,60.92,60.29,60.83,356117,0.0,0
2017-03-03,60.44,60.73,60.34,60.68,323496,0.0,0
2017-03-06,60.44,60.53,59.42,59.42,397794,0.0,0
2017-03-07,59.91,60.24,59.47,60.05,477109,0.0,0
2017-03-08,59.62,60.49,59.57,60.24,450784,0.0,0
2017-03-09,60.1,60.29,59.08,59.71,490881,0.0,0
2017-03-10,60.0,60.0,59.42,59.57,353787,0.0,0
2017-03-13,60.05,60.44,59.91,60.44,503179,0.0,0
2017-03-14,60.1,60.58,59.66,60.29,892394,0.0,0
2017-03-15,60.92,61.21,60.49,60.92,713725,0.0,0
2017-03-16,61.79,62.86,61.41,62.62,843653,0.0,0
2017-03-17,62.81,62.86,61.6,61.7,908952,0.0,0
2017-03-20,61.94,62.08,61.45,61.65,383234,0.0,0
2017-03-21,61.31,61.89,60.44,60.49,647237,0.0,0
2017-03-22,60.58,61.41,60.2,61.12,543338,0.0,0
2017-03-23,61.89,63.78,61.7,63.78,1080343,0.0,0
2017-03-24,63.97,64.94,63.68,63.97,871633,0.0,0
2017-03-27,65.62,66.29,64.79,65.81,1125301,0.0,0
2017-03-28,66.2,66.78,66.05,66.78,720048,0.0,0
2017-03-29,67.12,67.55,66.87,67.12,655136,0.0,0
2017-03-30,67.21,67.26,66.44,67.26,600891,0.0,0
2017-03-31,67.41,67.5,66.92,67.5,423212,0.0,0
2017-04-03,67.5,68.04,66.63,66.68,705040,0.0,0
2017-04-04,66.58,67.6,66.54,66.87,573187,0.0,0
2017-04-05,66.92,67.16,66.15,66.24,558862,0.0,0
2017-04-06,65.47,66.63,65.23,66.05,598198,0.0,0
2017-04-07,65.81,66.05,65.33,65.57,660293,0.0,0
2017-04-10,66.39,66.39,65.52,65.71,526788,0.0,0
2017-04-11,65.71,65.95,64.99,65.47,717292,0.0,0
2017-04-12,65.76,66.1,65.23,65.47,484818,0.0,0
2017-04-13,65.03,65.42,64.5,64.7,540230,0.0,0
2017-04-18,65.37,65.62,63.49,63.83,824014,0.0,0
2017-04-19,63.97,65.28,63.97,64.89,823787,0.0,0
2017-04-20,64.84,65.33,64.65,64.65,461000,0.0,0
2017-04-21,64.79,64.94,64.12,64.5,463854,0.0,0
2017-04-24,65.86,66.15,65.17,66.15,977531,0.635,0
2017-04-25,66.3,66.44,65.86,66.1,434411,0.0,0
2017-04-26,66.2,67.61,66.0,67.47,616930,0.0,0
2017-04-27,67.18,68.1,66.93,67.81,550611,0.0,0
2017-04-28,67.96,68.25,67.47,67.47,449764,0.0,0
2017-05-02,68.25,68.25,67.27,67.71,522036,0.0,0
2017-05-03,67.42,67.96,66.88,67.96,505466,0.0,0
2017-05-04,68.2,71.91,67.71,71.82,1552228,0.0,0
2017-05-05,72.79,73.62,72.35,73.04,1299965,0.0,0
2017-05-08,73.57,73.77,71.96,73.53,931520,0.0,0
2017-05-09,74.16,76.65,73.82,76.21,1279102,0.0,0
2017-05-10,76.41,76.51,75.38,75.53,726142,0.0,0
2017-05-11,76.12,76.12,73.87,74.26,815856,0.0,0
2017-05-12,74.75,74.75,73.43,74.75,673943,0.0,0
2017-05-15,75.43,75.68,74.5,75.68,667223,0.0,0
2017-05-16,75.24,75.68,74.31,74.75,752701,0.0,0
2017-05-17,74.41,75.04,73.09,73.09,732922,0.0,0
2017-05-18,73.09,74.26,69.13,74.26,1301364,0.0,0
2017-05-19,74.7,74.75,72.4,72.79,764643,0.0,0
2017-05-22,72.99,73.33,71.96,73.28,398894,0.0,0
2017-05-23,73.23,73.82,72.84,73.77,512908,0.0,0
2017-05-24,74.21,74.65,73.38,74.11,663749,0.0,0
2017-05-25,73.87,74.7,72.89,74.21,542041,0.0,0
2017-05-26,74.26,74.75,73.53,74.55,471602,0.0,0
2017-05-29,75.19,75.58,73.09,73.09,559761,0.0,0
2017-05-30,72.5,74.94,72.35,74.94,503188,0.0,0
2017-05-31,74.99,75.53,74.45,75.24,929273,0.0,0
2017-06-01,74.99,76.99,74.99,76.99,722251,0.0,0
2017-06-02,77.19,78.56,77.09,78.41,705811,0.0,0
2017-06-05,78.17,78.75,77.53,78.22,427358,0.0,0
2017-06-06,77.87,79.0,77.73,78.9,538954,0.0,0
2017-06-07,78.66,79.0,78.22,78.36,515953,0.0,0
2017-06-08,78.36,81.0,78.31,79.68,913749,0.0,0
2017-06-09,80.02,80.66,79.44,79.83,565941,0.0,0
2017-06-12,78.07,78.85,76.75,76.75,1066178,0.0,0
2017-06-13,77.09,77.68,76.7,77.04,589629,0.0,0
2017-06-14,76.85,77.43,76.56,76.75,674467,0.0,0
2017-06-15,76.65,76.7,74.85,76.02,734225,0.0,0
2017-06-16,77.14,78.22,76.85,76.9,1193995,0.0,0
2017-06-19,78.17,78.41,77.04,78.31,476008,0.0,0
2017-06-20,78.75,78.85,77.78,77.97,483617,0.0,0
2017-06-21,77.68,78.56,76.56,78.02,575976,0.0,0
2017-06-22,77.68,78.61,77.53,78.56,403710,0.0,0
2017-06-23,78.26,78.7,77.19,77.73,394495,0.0,0
2017-06-26,77.87,78.31,77.09,77.53,339181,0.0,0
2017-06-27,77.24,77.29,75.82,75.92,492027,0.0,0
2017-06-28,75.28,75.53,74.31,75.43,836612,0.0,0
2017-06-29,75.38,75.48,73.04,73.48,878511,0.0,0
2017-06-30,73.77,74.7,73.23,73.43,628607,0.0,0
2017-07-03,73.67,74.75,73.43,74.21,606390,0.0,0
2017-07-04,74.01,74.26,72.3,72.7,630840,0.0,0
2017-07-05,72.55,73.72,71.87,73.53,595047,0.0,0
2017-07-06,74.01,74.16,72.89,73.67,556212,0.0,0
2017-07-07,73.57,73.77,72.5,73.67,392424,0.0,0
2017-07-10,74.16,76.16,73.77,76.12,578377,0.0,0
2017-07-11,76.31,76.95,75.19,76.16,1084082,0.0,0
2017-07-12,77.19,79.24,76.85,78.95,998452,0.0,0
2017-07-13,79.44,80.02,78.95,79.54,1002437,0.0,0
2017-07-14,79.49,79.58,78.85,79.58,394247,0.0,0
2017-07-17,79.39,79.97,79.14,79.88,515876,0.0,0
2017-07-18,79.68,79.83,78.85,79.58,471442,0.0,0
2017-07-19,80.07,82.27,79.97,82.27,837261,0.0,0
2017-07-20,82.76,83.93,82.56,83.74,1244072,0.0,0
2017-07-21,83.54,84.52,82.37,83.2,842833,0.0,0
2017-07-24,83.74,85.01,83.25,85.01,720211,0.0,0
2017-07-25,85.01,85.35,83.64,84.52,842069,0.0,0
2017-07-26,84.91,88.04,84.57,88.04,1230670,0.0,0
2017-07-27,88.08,90.77,87.35,88.23,1526363,0.0,0
2017-07-28,87.16,88.23,86.77,87.65,765661,0.0,0
2017-07-31,89.55,89.79,86.47,87.06,1093318,0.0,0
2017-08-01,87.11,90.77,86.62,90.67,1651835,0.0,0
2017-08-02,90.67,91.31,85.79,87.55,2178981,0.0,0
2017-08-03,90.38,90.43,88.38,89.6,1356406,0.0,0
2017-08-04,89.65,90.82,88.62,90.82,980245,0.0,0
2017-08-07,90.77,91.46,90.43,91.36,359795,0.0,0
2017-08-08,91.5,93.12,91.36,92.58,766786,0.0,0
2017-08-09,91.99,92.58,90.92,92.24,811744,0.0,0
2017-08-10,92.24,92.24,91.06,91.21,496999,0.0,0
2017-08-11,90.33,90.53,87.94,88.52,940887,0.0,0
2017-08-14,89.21,91.46,89.01,91.21,608514,0.0,0
2017-08-16,91.6,92.77,91.31,92.58,717518,0.0,0
2017-08-17,92.34,92.73,91.5,91.6,430552,0.0,0
2017-08-18,90.92,92.63,90.19,92.63,605085,0.0,0
2017-08-21,92.63,92.97,91.26,92.97,573320,0.0,0
2017-08-22,93.41,96.1,92.63,95.8,1021835,0.0,0
2017-08-23,95.46,96.39,94.78,95.66,946487,0.0,0
2017-08-24,96.15,96.49,94.44,94.44,729752,0.0,0
2017-08-25,94.92,95.61,93.85,93.9,471518,0.0,0
2017-08-28,94.29,94.48,92.68,93.17,388126,0.0,0
2017-08-29,92.82,92.92,91.21,92.53,747480,0.0,0
2017-08-30,92.97,94.19,92.77,94.09,489017,0.0,0
2017-08-31,94.29,94.68,93.61,93.9,654912,0.0,0
2017-09-01,94.63,95.12,93.95,95.02,458056,0.0,0
2017-09-04,94.09,95.41,93.12,95.02,597337,0.0,0
2017-09-05,94.83,96.0,94.78,95.46,717720,0.0,0
2017-09-06,95.17,96.93,95.07,95.51,651118,0.0,0
2017-09-07,93.8,93.9,88.18,88.92,2429896,0.0,0
2017-09-08,87.94,91.36,86.72,89.01,1505975,0.0,0
2017-09-11,90.19,91.11,89.79,90.77,759144,0.0,0
2017-09-12,91.16,91.65,89.7,89.94,794131,0.0,0
2017-09-13,89.7,90.09,89.21,89.26,930164,0.0,0
2017-09-14,89.01,90.38,89.01,89.35,754666,0.0,0
2017-09-15,89.6,90.72,89.06,89.55,1137607,0.0,0
2017-09-18,89.45,92.04,89.21,91.75,744472,0.0,0
2017-09-19,92.04,92.43,91.7,92.43,500085,0.0,0
2017-09-20,92.43,92.58,91.85,92.43,496704,0.0,0
2017-09-21,92.29,93.07,92.19,92.97,525402,0.0,0
2017-09-22,92.82,93.17,91.94,92.97,560720,0.0,0
2017-09-25,92.43,93.12,90.72,91.06,542691,0.0,0
2017-09-26,91.31,91.65,89.99,90.28,571121,0.0,0
2017-09-27,90.19,91.55,90.04,91.31,455179,0.0,0
2017-09-28,91.85,91.85,90.67,90.97,393297,0.0,0
2017-09-29,90.38,91.41,90.23,91.36,504794,0.0,0
2017-10-02,91.16,93.75,90.97,93.75,697536,0.0,0
2017-10-03,93.75,94.73,93.02,94.63,526696,0.0,0
2017-10-04,95.07,95.56,94.05,94.53,607200,0.0,0
2017-10-05,94.97,95.51,94.44,94.53,533412,0.0,0
2017-10-06,94.44,94.58,92.73,93.21,526293,0.0,0
2017-10-09,93.36,97.17,93.21,96.44,1156729,0.0,0
2017-10-10,95.61,97.03,95.02,95.61,951848,0.0,0
2017-10-11,95.75,96.54,95.75,96.15,605105,0.0,0
2017-10-12,95.75,96.15,95.27,95.95,355884,0.0,0
2017-10-13,96.29,96.29,94.97,95.56,305734,0.0,0
2017-10-16,95.12,96.24,94.78,95.61,618691,0.0,0
2017-10-17,96.63,96.73,95.32,96.0,461112,0.0,0
2017-10-18,96.49,96.93,95.95,96.93,474958,0.0,0
2017-10-19,96.73,96.93,93.75,95.51,821758,0.0,0
2017-10-20,95.66,95.85,94.83,95.22,447555,0.0,0
2017-10-23,95.22,95.71,94.97,95.27,288897,0.0,0
2017-10-24,95.02,96.0,95.02,95.61,428008,0.0,0
2017-10-25,95.07,96.34,94.83,95.02,528181,0.0,0
2017-10-26,95.02,96.34,94.58,96.19,625176,0.0,0
2017-10-27,96.59,98.2,96.49,97.51,789402,0.0,0
2017-10-30,97.71,99.27,97.61,98.59,579737,0.0,0
2017-10-31,98.88,100.64,98.39,100.54,605608,0.0,0
2017-11-01,100.84,102.01,100.74,101.42,463416,0.0,0
2017-11-02,102.11,102.89,96.73,98.49,2006928,0.0,0
2017-11-03,98.49,99.37,97.66,99.08,848256,0.0,0
2017-11-06,98.98,99.86,98.49,98.49,484443,0.0,0
2017-11-07,98.78,98.88,96.83,96.93,406378,0.0,0
2017-11-08,96.59,97.37,93.02,94.68,707677,0.0,0
2017-11-09,94.78,95.71,91.41,92.19,809274,0.0,0
2017-11-10,92.19,92.29,89.89,91.7,725881,0.0,0
2017-11-13,92.14,93.51,91.99,92.77,689657,0.0,0
2017-11-14,92.53,93.21,90.77,91.02,475580,0.0,0
2017-11-15,90.63,90.92,88.43,89.75,858865,0.0,0
2017-11-16,90.43,92.19,89.5,91.21,439126,0.0,0
2017-11-17,91.65,91.65,90.23,90.38,385863,0.0,0
2017-11-20,89.99,92.14,89.5,91.8,369589,0.0,0
2017-11-21,92.53,93.61,91.41,92.97,599999,0.0,0
2017-11-22,93.17,93.36,92.38,92.58,329850,0.0,0
2017-11-23,91.5,92.97,91.5,92.68,291710,0.0,0
2017-11-24,92.82,93.36,92.24,93.26,383692,0.0,0
2017-11-27,92.68,93.31,91.9,91.94,436296,0.0,0
2017-11-28,92.14,92.68,91.65,92.34,459985,0.0,0
2017-11-29,92.73,92.77,90.58,90.72,566304,0.0,0
2017-11-30,89.65,90.67,88.33,89.11,822187,0.0,0
2017-12-01,89.4,90.04,87.11,87.11,722474,0.0,0
2017-12-04,88.23,88.43,85.59,86.37,742932,0.0,0
2017-12-05,86.28,87.25,84.23,86.72,739467,0.0,0
2017-12-06,85.89,87.16,85.15,86.81,429475,0.0,0
2017-12-07,86.81,87.3,86.08,87.06,372532,0.0,0
2017-12-08,87.4,88.52,87.4,88.13,473226,0.0,0
2017-12-11,88.92,88.92,88.13,88.48,401479,0.0,0
2017-12-12,88.33,89.31,87.74,89.06,466420,0.0,0
2017-12-13,88.92,89.45,88.13,88.18,432340,0.0,0
2017-12-14,88.18,88.77,87.74,87.74,369406,0.0,0
2017-12-15,87.01,87.55,86.18,86.57,551028,0.0,0
2017-12-18,87.01,88.23,86.96,88.23,317409,0.0,0
2017-12-19,88.43,88.92,87.21,87.21,375482,0.0,0
2017-12-20,87.5,87.69,86.62,86.62,293809,0.0,0
2017-12-21,86.52,87.25,86.28,86.96,300769,0.0,0
2017-12-22,87.4,87.79,86.72,87.5,270840,0.0,0
2017-12-27,88.04,88.18,86.96,87.84,197902,0.0,0
2017-12-28,87.45,87.84,86.67,87.16,193951,0.0,0
2017-12-29,87.35,87.35,85.45,85.45,273501,0.0,0
2018-01-02,85.45,85.5,81.2,85.3,511258,0.0,0
2018-01-03,85.59,87.25,85.45,86.77,427199,0.0,0
2018-01-04,87.16,91.41,87.06,90.38,1056023,0.0,0
2018-01-05,90.38,91.75,90.28,91.21,587577,0.0,0
2018-01-08,91.46,92.48,91.11,92.48,578255,0.0,0
2018-01-09,92.53,94.39,91.8,93.7,560611,0.0,0
2018-01-10,93.51,94.73,92.77,93.46,574892,0.0,0
2018-01-11,93.56,94.73,93.51,94.73,524446,0.0,0
2018-01-12,95.61,96.15,94.58,94.88,536735,0.0,0
2018-01-15,94.88,95.07,94.0,94.68,319614,0.0,0
2018-01-16,95.07,95.66,94.44,94.92,431143,0.0,0
2018-01-17,94.39,95.46,94.05,95.22,391553,0.0,0
2018-01-18,95.27,95.66,94.83,95.22,265082,0.0,0
2018-01-19,95.56,96.59,95.07,96.39,427018,0.0,0
2018-01-22,96.39,96.68,95.95,96.68,283483,0.0,0
2018-01-23,96.59,96.93,94.88,95.02,468841,0.0,0
2018-01-24,94.68,95.07,93.41,93.41,439754,0.0,0
2018-01-25,93.02,94.05,92.09,92.73,523963,0.0,0
2018-01-26,92.73,94.34,92.73,94.19,249421,0.0,0
2018-01-29,93.68,94.43,93.29,93.62,387383,0.0,0
2018-01-30,93.31,94.0,92.82,93.18,502443,0.0,0
2018-01-31,93.21,93.84,92.16,93.84,575927,0.0,0
2018-02-01,93.8,101.57,93.55,100.84,2774092,0.0,0
2018-02-02,100.84,102.59,99.17,101.42,1624234,0.0,0
2018-02-05,98.69,101.03,98.59,99.03,1301621,0.0,0
2018-02-06,94.93,99.08,92.82,98.25,1399190,0.0,0
2018-02-07,99.47,100.25,97.51,99.91,724689,0.0,0
2018-02-08,99.57,99.76,96.44,96.89,692154,0.0,0
2018-02-09,96.22,97.22,93.86,95.56,1009756,0.0,0
2018-02-12,95.77,97.28,95.17,96.99,572570,0.0,0
2018-02-13,97.22,98.0,96.44,97.04,414368,0.0,0
2018-02-14,97.59,98.64,95.64,98.49,571470,0.0,0
2018-02-15,98.64,101.52,98.39,100.64,1002100,0.0,0
2018-02-16,101.62,102.79,101.13,102.59,868866,0.0,0
2018-02-19,102.79,103.33,100.25,100.35,458808,0.0,0
2018-02-20,100.64,102.11,98.88,102.11,465633,0.0,0
2018-02-21,101.47,103.33,100.98,102.89,592410,0.0,0
2018-02-22,102.11,102.11,100.1,100.74,630976,0.0,0
2018-02-23,100.74,102.15,99.42,102.11,535292,0.0,0
2018-02-26,102.89,104.3,101.91,102.4,719865,0.0,0
2018-02-27,102.69,103.13,101.32,101.72,429188,0.0,0
2018-02-28,100.64,101.52,100.15,100.15,538018,0.0,0
2018-03-01,99.76,100.15,98.05,98.39,668873,0.0,0
2018-03-02,97.61,97.61,94.19,94.76,1008172,0.0,0
2018-03-05,93.53,95.52,92.92,95.4,679238,0.0,0
2018-03-06,96.18,97.55,95.95,96.89,783881,0.0,0
2018-03-07,96.24,98.64,95.52,98.25,655060,0.0,0
2018-03-08,98.34,99.03,97.12,97.71,510075,0.0,0
2018-03-09,98.1,98.98,97.34,98.88,438215,0.0,0
2018-03-12,99.17,99.27,98.34,98.98,329854,0.0,0
2018-03-13,99.13,99.52,97.08,97.81,524149,0.0,0
2018-03-14,97.61,98.39,96.44,96.73,481655,0.0,0
2018-03-15,96.69,97.81,96.38,97.65,520806,0.0,0
2018-03-16,97.63,98.05,97.1,97.12,755805,0.0,0
2018-03-19,97.12,97.26,95.68,95.97,388324,0.0,0
2018-03-20,95.85,97.4,95.38,97.4,477336,0.0,0
2018-03-21,97.12,99.03,97.12,98.44,601653,0.0,0
2018-03-22,97.76,98.1,95.93,96.83,755993,0.0,0
2018-03-23,95.36,96.07,94.05,94.97,721041,0.0,0
2018-03-26,95.79,96.05,93.62,93.92,592199,0.0,0
2018-03-27,95.75,97.49,94.97,96.2,753033,0.0,0
2018-03-28,94.76,96.44,93.21,95.54,1080242,0.0,0
2018-03-29,96.48,96.48,95.27,95.31,643702,0.0,0
2018-04-03,94.72,96.73,94.13,96.05,604489,0.0,0
2018-04-04,95.85,95.91,93.04,94.56,889100,0.0,0
2018-04-05,95.85,96.93,95.21,96.93,723122,0.0,0
2018-04-06,96.73,97.2,95.87,96.34,446937,0.0,0
2018-04-09,97.42,97.57,95.93,96.32,477871,0.0,0
2018-04-10,96.26,96.87,95.95,96.3,542389,0.0,0
2018-04-11,96.22,96.83,94.68,95.46,628861,0.0,0
2018-04-12,95.77,96.93,95.09,96.71,513670,0.0,0
2018-04-13,97.03,97.08,96.34,96.77,461939,0.0,0
2018-04-16,97.12,97.12,96.3,96.69,345463,0.0,0
2018-04-17,96.95,98.59,96.3,98.3,619523,0.0,0
2018-04-18,98.59,98.98,97.76,98.59,487124,0.0,0
2018-04-19,98.59,98.83,97.47,97.81,308687,0.0,0
2018-04-20,98.0,98.15,97.01,97.51,330052,0.0,0
2018-04-23,98.31,98.35,97.46,98.13,319646,0.71,0
2018-04-24,98.39,99.49,97.96,99.49,512335,0.0,0
2018-04-25,99.2,100.38,98.15,99.2,530037,0.0,0
2018-04-26,99.74,99.93,98.8,99.39,434670,0.0,0
2018-04-27,99.89,100.38,99.2,99.69,491625,0.0,0
2018-04-30,99.49,100.43,98.56,100.43,404995,0.0,0
2018-05-02,100.43,104.56,100.13,104.07,1175050,0.0,0
2018-05-03,104.22,104.76,100.48,103.97,1657586,0.0,0
2018-05-04,107.51,112.88,107.36,111.99,2460013,0.0,0
2018-05-07,112.38,116.81,112.19,116.17,906613,0.0,0
2018-05-08,115.43,115.78,112.28,113.07,1095648,0.0,0
2018-05-09,113.17,114.5,112.09,112.24,533349,0.0,0
2018-05-10,112.19,113.32,110.56,111.79,526701,0.0,0
2018-05-11,112.19,112.88,111.01,111.99,282910,0.0,0
2018-05-14,111.69,112.14,109.92,111.89,447778,0.0,0
2018-05-15,110.96,112.33,110.81,111.25,372947,0.0,0
2018-05-16,110.86,111.89,109.38,110.91,570703,0.0,0
2018-05-17,111.3,112.19,110.81,111.84,416845,0.0,0
2018-05-18,114.15,114.15,110.66,110.86,567304,0.0,0
2018-05-21,110.86,112.78,110.51,111.89,434377,0.0,0
2018-05-22,112.73,113.42,110.81,111.1,476199,0.0,0
2018-05-23,111.35,111.35,109.23,109.78,533722,0.0,0
2018-05-24,109.78,111.5,109.33,110.07,577710,0.0,0
2018-05-25,110.61,111.3,109.58,111.1,607649,0.0,0
2018-05-28,110.86,112.63,110.81,111.6,669899,0.0,0
2018-05-29,111.3,111.35,107.71,108.3,1120215,0.0,0
2018-05-30,108.0,110.76,107.81,110.12,739074,0.0,0
2018-05-31,110.12,110.96,109.28,109.73,878538,0.0,0
2018-06-01,111.69,113.22,111.01,111.79,923320,0.0,0
2018-06-04,112.38,113.02,110.66,111.4,469452,0.0,0
2018-06-05,110.61,115.93,110.61,114.55,876675,0.0,0
2018-06-06,114.89,115.73,113.17,115.73,687533,0.0,0
2018-06-07,116.12,116.76,114.55,114.55,522279,0.0,0
2018-06-08,113.17,114.55,112.73,113.47,440060,0.0,0
2018-06-11,114.45,116.27,114.45,116.27,554875,0.0,0
2018-06-12,116.71,117.55,116.22,116.86,523779,0.0,0
2018-06-13,117.6,121.24,117.45,120.75,829681,0.0,0
2018-06-14,121.04,125.57,119.76,125.18,920449,0.0,0
2018-06-15,125.08,127.44,125.08,125.62,1030825,0.0,0
2018-06-18,126.06,126.16,123.36,125.57,524406,0.0,0
2018-06-19,124.09,124.19,122.42,123.6,510124,0.0,0
2018-06-20,124.0,124.34,121.49,121.49,532270,0.0,0
2018-06-21,121.58,122.27,118.88,119.67,536285,0.0,0
2018-06-22,119.22,120.8,117.06,118.24,541718,0.0,0
2018-06-25,116.71,117.6,114.4,114.4,652553,0.0,0
2018-06-26,114.4,116.12,113.96,115.48,529777,0.0,0
2018-06-27,115.83,117.7,114.35,116.37,541681,0.0,0
2018-06-28,115.93,116.47,111.79,113.56,558423,0.0,0
2018-06-29,116.07,116.61,113.42,114.65,508844,0.0,0
2018-07-02,114.4,114.5,111.84,113.17,545809,0.0,0
2018-07-03,113.86,114.55,113.07,113.56,377917,0.0,0
2018-07-04,113.76,113.91,111.74,112.19,293825,0.0,0
2018-07-05,112.88,116.22,112.88,113.86,452908,0.0,0
2018-07-06,114.94,114.94,112.38,113.12,345247,0.0,0
2018-07-09,114.7,114.89,112.92,113.52,201767,0.0,0
2018-07-10,114.4,116.52,113.22,115.58,362496,0.0,0
2018-07-11,115.14,115.29,112.73,114.55,357428,0.0,0
2018-07-12,115.09,117.21,114.06,116.76,312495,0.0,0
2018-07-13,118.09,121.58,117.94,120.5,667234,0.0,0
2018-07-16,121.04,121.04,118.48,118.68,354508,0.0,0
2018-07-17,119.22,120.35,118.24,120.35,316638,0.0,0
2018-07-18,121.78,122.42,120.21,120.94,516026,0.0,0
2018-07-19,121.04,121.54,119.52,120.8,395290,0.0,0
2018-07-20,119.81,120.06,117.16,117.89,657680,0.0,0
2018-07-23,111.69,114.75,111.2,112.14,1604032,0.0,0
2018-07-24,114.15,114.55,112.14,112.58,897333,0.0,0
2018-07-25,112.19,112.48,108.5,110.12,1324591,0.0,0
2018-07-26,112.83,112.97,110.86,112.88,748560,0.0,0
2018-07-27,111.79,112.24,110.27,111.2,617764,0.0,0
2018-07-30,110.86,111.1,109.19,109.48,477368,0.0,0
2018-07-31,109.14,112.48,109.14,111.99,655515,0.0,0
2018-08-01,112.68,114.45,102.64,102.64,1668229,0.0,0
2018-08-02,101.12,107.46,98.9,106.77,1912039,0.0,0
2018-08-03,106.43,111.5,105.2,106.09,1299450,0.0,0
2018-08-06,106.77,107.02,104.61,105.59,419944,0.0,0
2018-08-07,106.23,107.36,105.45,106.04,438068,0.0,0
2018-08-08,107.02,108.05,106.43,106.77,459215,0.0,0
2018-08-09,107.02,107.95,105.54,106.33,433152,0.0,0
2018-08-10,105.45,105.84,103.03,103.87,493027,0.0,0
2018-08-13,103.13,104.95,103.13,104.41,388576,0.0,0
2018-08-14,105.49,105.59,104.31,104.66,346341,0.0,0
2018-08-16,104.07,105.69,103.53,104.12,510838,0.0,0
2018-08-17,103.33,104.31,102.84,103.48,379278,0.0,0
2018-08-20,103.82,105.3,103.28,105.05,316221,0.0,0
2018-08-21,105.49,107.61,105.25,107.41,524702,0.0,0
2018-08-22,107.12,109.04,106.13,106.28,685486,0.0,0
2018-08-23,106.77,107.32,105.79,105.99,363916,0.0,0
2018-08-24,106.04,108.45,106.04,108.0,395076,0.0,0
2018-08-27,108.79,108.99,106.43,108.0,316060,0.0,0
2018-08-28,108.74,108.99,107.12,108.4,406090,0.0,0
2018-08-29,110.51,113.42,109.97,112.97,858602,0.0,0
2018-08-30,113.27,115.09,111.3,112.09,762205,0.0,0
2018-08-31,112.09,112.92,110.42,110.91,526374,0.0,0
2018-09-03,110.91,111.4,109.38,110.71,294751,0.0,0
2018-09-04,111.1,112.14,109.09,110.12,481637,0.0,0
2018-09-05,109.09,109.33,106.68,106.97,735070,0.0,0
2018-09-06,106.58,108.4,106.28,107.27,658283,0.0,0
2018-09-07,106.97,108.64,106.72,108.15,433168,0.0,0
2018-09-10,108.1,108.25,107.07,107.46,482366,0.0,0
2018-09-11,108.25,109.04,105.94,109.04,565243,0.0,0
2018-09-12,110.61,112.43,109.87,111.89,846531,0.0,0
2018-09-13,112.83,113.76,112.14,112.48,751290,0.0,0
2018-09-14,112.48,113.32,111.4,112.73,462393,0.0,0
2018-09-17,111.1,112.43,110.51,111.15,446671,0.0,0
2018-09-18,112.68,115.53,107.07,115.53,1872448,0.0,0
2018-09-19,116.57,117.8,113.91,114.01,883620,0.0,0
2018-09-20,114.25,115.58,113.07,114.79,613089,0.0,0
2018-09-21,115.83,115.98,114.2,115.04,581854,0.0,0
2018-09-24,114.94,116.22,114.25,116.07,464809,0.0,0
2018-09-25,116.52,117.3,116.07,117.11,623750,0.0,0
2018-09-26,116.61,118.58,115.98,118.39,686248,0.0,0
2018-09-27,118.53,120.21,117.4,118.63,625719,0.0,0
2018-09-28,118.63,119.47,115.83,116.71,741623,0.0,0
2018-10-01,116.27,119.12,116.12,117.35,509097,0.0,0
2018-10-02,117.21,117.94,116.07,117.16,487512,0.0,0
2018-10-03,117.35,117.94,116.17,117.06,473759,0.0,0
2018-10-04,116.12,116.76,114.5,114.5,409760,0.0,0
2018-10-05,113.91,114.11,111.74,113.61,600754,0.0,0
2018-10-08,112.73,112.88,110.12,110.86,530274,0.0,0
2018-10-09,110.76,111.55,108.4,110.56,555645,0.0,0
2018-10-10,111.01,111.3,101.56,101.56,1329495,0.0,0
2018-10-11,97.23,100.48,95.2,99.29,1639310,0.0,0
2018-10-12,100.43,101.46,98.9,98.95,670047,0.0,0
2018-10-15,98.46,98.9,96.03,97.56,937015,0.0,0
2018-10-16,98.17,104.31,96.95,104.02,1163820,0.0,0
2018-10-17,104.31,105.2,100.28,100.53,936903,0.0,0
2018-10-18,100.08,102.25,98.31,98.51,720452,0.0,0
2018-10-19,98.95,101.12,97.23,99.98,1054213,0.0,0
2018-10-22,101.36,101.36,98.25,99.1,498549,0.0,0
2018-10-23,98.41,99.39,96.09,96.83,865177,0.0,0
2018-10-24,98.41,98.95,96.78,97.21,569619,0.0,0
2018-10-25,96.54,100.48,96.32,99.59,606800,0.0,0
2018-10-26,99.0,99.39,97.03,99.39,712481,0.0,0
2018-10-29,100.38,103.03,98.85,99.44,803676,0.0,0
2018-10-30,100.28,100.72,98.46,99.89,516848,0.0,0
2018-10-31,100.57,103.43,100.48,101.85,694847,0.0,0
2018-11-01,102.15,104.66,101.41,103.62,923538,0.0,0
2018-11-02,105.1,105.64,102.25,102.59,820772,0.0,0
2018-11-05,103.33,104.46,99.89,101.51,1075854,0.0,0
2018-11-06,101.56,101.61,97.82,99.34,818912,0.0,0
2018-11-07,98.61,100.87,98.61,99.59,482593,0.0,0
2018-11-08,100.13,100.43,98.9,99.29,426728,0.0,0
2018-11-09,99.05,99.2,96.07,96.36,905055,0.0,0
2018-11-12,95.69,95.89,93.61,93.82,743625,0.0,0
2018-11-13,93.69,97.07,93.1,96.44,787976,0.0,0
2018-11-14,96.3,98.56,94.87,96.44,819657,0.0,0
2018-11-15,97.43,97.48,94.55,95.52,453427,0.0,0
2018-11-16,97.03,97.29,94.93,95.16,405081,0.0,0
2018-11-19,95.46,96.13,93.57,93.74,313052,0.0,0
2018-11-20,93.49,93.65,90.71,91.01,794844,0.0,0
2018-11-21,91.72,92.74,90.42,92.43,611080,0.0,0
2018-11-22,92.52,93.0,91.89,92.25,261657,0.0,0
2018-11-23,92.11,93.33,91.91,93.11,324518,0.0,0
2018-11-26,93.8,95.12,93.39,94.24,613225,0.0,0
2018-11-27,94.65,94.65,90.62,90.73,836950,0.0,0
2018-11-28,91.15,92.07,89.2,91.7,876376,0.0,0
2018-11-29,92.5,94.95,92.5,94.53,685755,0.0,0
2018-11-30,94.47,95.04,93.51,95.0,579406,0.0,0
2018-12-03,97.64,98.11,95.58,96.83,772321,0.0,0
2018-12-04,96.19,97.58,95.87,96.32,383936,0.0,0
2018-12-05,95.04,95.69,94.02,94.51,405568,0.0,0
2018-12-06,93.49,93.61,91.03,91.64,554176,0.0,0
2018-12-07,93.0,94.3,92.11,92.11,417350,0.0,0
2018-12-10,90.67,91.6,90.12,90.16,493661,0.0,0
2018-12-11,91.21,93.49,89.83,91.95,545418,0.0,0
2018-12-12,92.21,92.45,90.91,91.64,564650,0.0,0
2018-12-13,92.29,93.08,90.14,90.93,464593,0.0,0
2018-12-14,90.2,90.24,88.51,88.9,589763,0.0,0
2018-12-17,88.47,89.02,86.25,87.88,522418,0.0,0
2018-12-18,86.92,88.84,86.84,87.94,401521,0.0,0
2018-12-19,88.23,90.93,88.23,90.85,732552,0.0,0
2018-12-20,89.47,90.01,87.49,88.08,596592,0.0,0
2018-12-21,87.27,88.06,86.11,86.78,835615,0.0,0
2018-12-27,85.42,86.15,82.74,84.2,751513,0.0,0
2018-12-28,84.81,85.77,84.59,85.4,354750,0.0,0
2019-01-02,85.12,85.54,82.96,85.14,424022,0.0,0
2019-01-03,84.08,85.71,83.25,84.24,558777,0.0,0
2019-01-04,84.77,88.12,84.65,87.98,689799,0.0,0
2019-01-07,88.57,90.18,87.82,89.87,465124,0.0,0
2019-01-08,90.14,93.9,89.71,92.64,720858,0.0,0
2019-01-09,93.8,97.37,93.51,95.16,841186,0.0,0
2019-01-10,94.22,95.24,93.43,94.83,371601,0.0,0
2019-01-11,95.5,95.93,94.47,95.22,445181,0.0,0
2019-01-14,94.47,95.79,94.12,94.83,356353,0.0,0
2019-01-15,96.44,97.17,96.3,96.72,539506,0.0,0
2019-01-16,97.11,97.74,95.99,97.68,501642,0.0,0
2019-01-17,97.7,98.56,97.13,97.94,458630,0.0,0
2019-01-18,98.56,98.95,97.48,97.92,550424,0.0,0
2019-01-21,98.11,98.9,97.84,98.9,187300,0.0,0
2019-01-22,98.56,99.34,96.78,96.85,520542,0.0,0
2019-01-23,96.58,96.97,95.3,95.3,516024,0.0,0
2019-01-24,95.36,97.5,94.71,97.46,484588,0.0,0
2019-01-25,97.82,98.46,95.99,96.42,540302,0.0,0
2019-01-28,95.91,96.62,93.78,94.18,639232,0.0,0
2019-01-29,94.18,95.79,93.61,94.57,443770,0.0,0
2019-01-30,95.16,96.26,95.04,96.26,469045,0.0,0
2019-01-31,96.76,107.86,95.12,106.87,2172029,0.0,0
2019-02-01,108.25,111.35,107.32,108.84,1312310,0.0,0
2019-02-04,109.14,109.73,107.56,108.59,608302,0.0,0
2019-02-05,109.19,110.51,108.55,110.46,521521,0.0,0
2019-02-06,110.02,110.86,109.43,110.07,327223,0.0,0
2019-02-07,109.48,109.68,106.58,107.27,689521,0.0,0
2019-02-08,107.12,108.59,106.63,107.22,479293,0.0,0
2019-02-11,107.27,108.25,106.82,107.81,328711,0.0,0
2019-02-12,108.25,109.73,108.05,109.33,393713,0.0,0
2019-02-13,110.07,110.12,108.89,108.99,332252,0.0,0
2019-02-14,109.33,110.12,107.95,108.59,443608,0.0,0
2019-02-15,108.15,110.42,107.22,109.53,621466,0.0,0
2019-02-18,109.23,110.56,108.4,109.58,390236,0.0,0
2019-02-19,109.38,110.22,108.4,109.43,323353,0.0,0
2019-02-20,109.73,110.56,109.04,109.14,468113,0.0,0
2019-02-21,109.48,110.02,108.59,109.53,409238,0.0,0
2019-02-22,108.99,109.87,108.99,109.33,374690,0.0,0
2019-02-25,109.92,110.46,109.48,110.37,422157,0.0,0
2019-02-26,110.32,112.14,110.07,111.79,522270,0.0,0
2019-02-27,111.65,112.04,110.37,110.86,336587,0.0,0
2019-02-28,110.37,111.4,110.27,111.35,438369,0.0,0
2019-03-01,111.69,113.56,111.6,112.88,556021,0.0,0
2019-03-04,114.01,115.29,113.47,114.06,676912,0.0,0
2019-03-05,114.15,114.25,112.58,113.91,395975,0.0,0
2019-03-06,113.96,114.84,112.73,113.07,454089,0.0,0
2019-03-07,113.07,113.61,111.4,112.88,619100,0.0,0
2019-03-08,111.94,112.63,110.76,112.19,411760,0.0,0
2019-03-11,112.58,113.96,111.79,113.86,342197,0.0,0
2019-03-12,114.5,114.6,113.17,113.56,335432,0.0,0
2019-03-13,113.17,114.25,112.92,112.97,309709,0.0,0
2019-03-14,112.83,114.15,112.78,113.91,447647,0.0,0
2019-03-15,114.4,114.94,113.91,114.75,588082,0.0,0
2019-03-18,114.75,114.75,113.52,114.5,303965,0.0,0
2019-03-19,114.6,115.04,114.15,114.79,406108,0.0,0
2019-03-20,114.45,115.38,113.71,113.71,473626,0.0,0
2019-03-21,114.01,114.65,113.22,114.25,292610,0.0,0
2019-03-22,114.94,114.94,112.43,112.58,431218,0.0,0
2019-03-25,111.74,114.06,111.5,114.06,319528,0.0,0
2019-03-26,114.15,116.27,113.07,115.93,541120,0.0,0
2019-03-27,116.27,117.8,115.68,116.47,549438,0.0,0
2019-03-28,116.12,117.3,116.07,116.12,322415,0.0,0
2019-03-29,117.01,117.6,116.22,117.6,316865,0.0,0
2019-04-01,118.09,119.96,118.04,118.88,601872,0.0,0
2019-04-02,118.58,119.37,117.6,119.22,410399,0.0,0
2019-04-03,119.81,120.9,119.37,119.62,612044,0.0,0
2019-04-04,119.42,120.26,119.17,119.67,401531,0.0,0
2019-04-05,120.06,121.39,119.67,119.86,439762,0.0,0
2019-04-08,119.57,120.35,119.27,119.62,298290,0.0,0
2019-04-09,119.81,120.55,118.48,118.98,350965,0.0,0
2019-04-10,119.47,120.06,118.68,119.42,403979,0.0,0
2019-04-11,120.06,120.11,118.83,119.47,393165,0.0,0
2019-04-12,119.08,121.73,119.08,120.65,538190,0.0,0
2019-04-15,120.65,120.99,118.34,119.03,454497,0.0,0
2019-04-16,119.62,120.06,118.48,119.86,402547,0.0,0
2019-04-17,120.11,120.11,118.78,118.98,482240,0.0,0
2019-04-18,119.08,121.44,118.34,121.14,726850,0.0,0
2019-04-23,121.82,122.61,121.17,122.56,349221,1.03,0
2019-04-24,121.57,122.31,121.17,121.47,440494,0.0,0
2019-04-25,121.27,121.57,120.13,120.77,267638,0.0,0
2019-04-26,120.23,120.72,119.58,119.98,288011,0.0,0
2019-04-29,119.73,120.77,119.19,119.98,234131,0.0,0
2019-04-30,119.58,120.92,119.53,119.83,280945,0.0,0
2019-05-02,120.92,120.92,118.99,119.68,227907,0.0,0
2019-05-03,119.48,119.88,118.49,118.89,417117,0.0,0
2019-05-06,115.81,117.7,112.19,117.5,525999,0.0,0
2019-05-07,117.7,124.15,117.45,122.06,1208408,0.0,0
2019-05-08,122.76,125.64,120.18,125.29,792295,0.0,0
2019-05-09,125.09,126.38,123.06,124.0,800276,0.0,0
2019-05-10,124.74,126.38,123.01,123.75,437953,0.0,0
2019-05-13,123.95,124.05,121.07,121.52,545559,0.0,0
2019-05-14,122.11,125.54,122.02,125.54,587961,0.0,0
2019-05-15,125.98,127.32,122.66,127.03,736433,0.0,0
2019-05-16,127.57,127.97,125.69,127.97,645699,0.0,0
2019-05-17,127.77,127.97,126.18,127.57,494658,0.0,0
2019-05-20,127.08,127.92,124.94,125.69,421025,0.0,0
2019-05-21,126.48,127.47,125.98,127.47,381714,0.0,0
2019-05-22,127.03,128.22,126.28,127.18,317487,0.0,0
2019-05-23,126.03,127.18,124.84,125.89,496085,0.0,0
2019-05-24,126.83,127.27,125.79,127.03,430067,0.0,0
2019-05-27,127.08,129.66,126.18,126.88,449091,0.0,0
2019-05-28,127.03,128.32,125.84,128.07,579017,0.0,0
2019-05-29,127.47,128.02,125.94,126.33,448700,0.0,0
2019-05-30,127.03,127.62,126.18,127.03,378119,0.0,0
2019-05-31,125.94,126.63,123.65,126.63,584786,0.0,0
2019-06-03,126.38,126.83,124.84,126.38,471735,0.0,0
2019-06-04,125.74,126.78,124.55,126.63,593767,0.0,0
2019-06-05,126.38,128.12,125.64,127.82,472109,0.0,0
2019-06-06,127.57,130.2,126.93,130.2,726580,0.0,0
2019-06-07,130.7,132.83,130.05,131.84,584233,0.0,0
2019-06-10,132.39,133.48,131.84,133.48,312674,0.0,0
2019-06-11,134.67,136.9,134.67,135.26,543241,0.0,0
2019-06-12,135.02,136.4,134.77,135.71,476415,0.0,0
2019-06-13,135.71,136.26,135.21,135.51,356329,0.0,0
2019-06-14,135.51,135.56,134.57,134.97,277757,0.0,0
2019-06-17,135.66,136.4,134.97,135.86,392933,0.0,0
2019-06-18,136.85,140.32,135.91,140.32,597056,0.0,0
2019-06-19,140.32,140.72,138.04,138.74,559997,0.0,0
2019-06-20,139.58,143.75,139.58,141.91,722901,0.0,0
2019-06-21,141.76,142.51,141.07,142.16,961740,0.0,0
2019-06-24,141.47,142.86,141.27,142.01,351353,0.0,0
2019-06-25,141.61,142.21,140.08,140.47,327289,0.0,0
2019-06-26,139.93,140.57,138.54,138.74,383191,0.0,0
2019-06-27,138.89,140.23,137.99,139.73,342669,0.0,0
2019-06-28,140.52,141.71,139.68,141.71,331008,0.0,0
2019-07-01,143.4,144.54,142.11,142.95,373523,0.0,0
2019-07-02,143.8,145.24,143.25,144.94,546698,0.0,0
2019-07-03,145.14,148.91,144.99,147.47,602664,0.0,0
2019-07-04,148.12,148.16,145.83,147.07,344739,0.0,0
2019-07-05,146.82,146.97,145.73,146.18,265020,0.0,0
2019-07-08,145.93,147.52,145.78,147.17,312856,0.0,0
2019-07-09,146.92,147.67,145.78,146.03,386602,0.0,0
2019-07-10,146.63,147.82,145.93,147.27,327164,0.0,0
2019-07-11,147.72,147.97,146.58,146.73,450043,0.0,0
2019-07-12,146.18,147.77,146.08,146.87,308329,0.0,0
2019-07-15,147.37,148.76,146.68,148.16,358905,0.0,0
2019-07-16,148.71,151.39,148.07,150.15,520967,0.0,0
2019-07-17,150.4,151.44,149.11,149.21,372551,0.0,0
2019-07-18,148.81,150.3,148.07,148.41,479962,0.0,0
2019-07-19,149.45,149.45,147.27,147.52,404231,0.0,0
2019-07-22,147.22,148.71,147.22,148.16,311869,0.0,0
2019-07-23,148.12,150.3,148.12,149.85,424185,0.0,0
2019-07-24,149.11,150.25,148.36,148.86,520457,0.0,0
2019-07-25,150.0,150.79,146.13,147.87,612677,0.0,0
2019-07-26,148.46,148.56,147.27,147.42,315924,0.0,0
2019-07-29,147.42,147.82,146.48,146.48,314260,0.0,0
2019-07-30,146.33,146.73,142.95,143.1,775084,0.0,0
2019-07-31,142.71,145.19,142.16,144.54,556149,0.0,0
2019-08-01,144.0,148.26,143.9,148.26,509721,0.0,0
2019-08-02,145.24,148.86,137.99,141.81,1582054,0.0,0
2019-08-05,139.23,142.11,138.94,139.78,661324,0.0,0
2019-08-06,139.43,140.23,137.0,137.0,684732,0.0,0
2019-08-07,138.34,140.87,136.95,139.23,564698,0.0,0
2019-08-08,140.42,142.01,139.23,142.01,471835,0.0,0
2019-08-09,140.92,142.36,138.79,139.03,582670,0.0,0
2019-08-12,141.12,141.61,138.79,140.82,388296,0.0,0
2019-08-13,139.78,143.5,139.23,142.51,472391,0.0,0
2019-08-14,144.49,144.59,138.64,139.13,701752,0.0,0
2019-08-16,140.13,140.42,138.04,138.99,493101,0.0,0
2019-08-19,139.53,140.87,139.38,140.62,327776,0.0,0
2019-08-20,139.98,140.87,138.34,138.49,387600,0.0,0
2019-08-21,138.79,141.32,138.69,140.72,401209,0.0,0
2019-08-22,139.78,140.52,138.24,138.74,490611,0.0,0
2019-08-23,139.48,140.03,136.9,136.9,405422,0.0,0
2019-08-26,136.95,139.88,135.56,139.68,430233,0.0,0
2019-08-27,139.08,143.85,138.69,143.85,818919,0.0,0
2019-08-28,143.9,144.89,140.08,141.61,706977,0.0,0
2019-08-29,141.61,143.05,140.72,142.66,325702,0.0,0
2019-08-30,141.91,143.25,141.66,142.11,349569,0.0,0
2019-09-02,143.85,144.39,142.66,142.76,224280,0.0,0
2019-09-03,143.1,144.34,141.96,143.7,308680,0.0,0
2019-09-04,144.89,145.88,144.39,144.44,493275,0.0,0
2019-09-05,145.39,146.38,145.19,145.68,433688,0.0,0
2019-09-06,146.58,147.67,146.33,147.37,345626,0.0,0
2019-09-09,148.02,148.41,145.19,145.19,435509,0.0,0
2019-09-10,145.19,145.29,135.56,136.5,1544038,0.0,0
2019-09-11,136.95,138.79,135.81,137.79,736120,0.0,0
2019-09-12,137.3,139.33,134.82,138.14,831406,0.0,0
2019-09-13,138.79,139.03,137.15,137.79,355863,0.0,0
2019-09-16,135.96,137.1,133.53,136.16,581324,0.0,0
2019-09-17,135.91,138.24,135.21,137.79,539098,0.0,0
2019-09-18,137.45,139.18,137.05,138.54,353314,0.0,0
2019-09-19,138.84,139.38,138.24,138.49,448569,0.0,0
2019-09-20,138.99,138.99,137.2,137.65,492834,0.0,0
2019-09-23,138.09,138.79,135.96,137.4,394560,0.0,0
2019-09-24,136.95,137.69,136.01,136.01,364020,0.0,0
2019-09-25,136.06,136.36,133.08,135.31,502544,0.0,0
2019-09-26,135.41,138.19,135.41,137.25,347382,0.0,0
2019-09-27,138.34,139.23,137.25,139.18,378669,0.0,0
2019-09-30,138.49,140.57,138.24,140.47,513140,0.0,0
2019-10-01,140.82,141.81,137.65,137.65,498256,0.0,0
2019-10-02,138.19,138.34,132.24,132.24,826262,0.0,0
2019-10-03,132.98,134.27,131.29,133.28,598049,0.0,0
2019-10-04,134.47,135.81,133.97,135.66,421711,0.0,0
2019-10-07,134.92,136.16,134.07,135.51,280764,0.0,0
2019-10-08,135.86,136.01,133.53,133.77,303936,0.0,0
2019-10-09,133.97,135.31,133.08,134.72,230038,0.0,0
2019-10-10,135.16,135.36,132.83,135.36,322872,0.0,0
2019-10-11,136.26,138.84,134.82,138.84,477926,0.0,0
2019-10-14,138.39,139.63,137.5,139.18,311286,0.0,0
2019-10-15,139.73,141.22,138.99,141.22,422263,0.0,0
2019-10-16,141.17,144.44,140.77,144.05,551591,0.0,0
2019-10-17,143.9,144.89,141.61,141.61,546614,0.0,0
2019-10-18,141.71,141.76,138.54,138.99,495546,0.0,0
2019-10-21,139.13,139.83,138.14,138.94,342648,0.0,0
2019-10-22,138.59,140.72,138.24,139.43,294523,0.0,0
2019-10-23,138.24,138.34,135.41,136.26,505767,0.0,0
2019-10-24,136.65,138.74,135.76,138.69,328151,0.0,0
2019-10-25,138.34,139.53,138.19,139.18,321315,0.0,0
2019-10-28,139.43,141.81,138.99,141.07,361602,0.0,0
2019-10-29,140.67,141.32,139.73,140.92,248598,0.0,0
2019-10-30,140.62,142.9,140.03,141.37,370867,0.0,0
2019-10-31,141.42,144.15,140.57,142.36,481527,0.0,0
2019-11-01,142.9,144.05,142.36,143.35,370615,0.0,0
2019-11-04,144.39,153.97,144.2,152.68,1789605,0.0,0
2019-11-05,152.68,153.23,147.72,148.61,852351,0.0,0
2019-11-06,148.86,149.36,146.97,148.66,404262,0.0,0
2019-11-07,149.06,149.85,148.21,149.01,428794,0.0,0
2019-11-08,148.71,149.31,147.57,148.46,300738,0.0,0
2019-11-11,147.87,148.56,146.73,147.57,313955,0.0,0
2019-11-12,147.87,148.91,147.17,148.51,366712,0.0,0
2019-11-13,148.16,148.71,147.02,147.82,388604,0.0,0
2019-11-14,147.77,149.11,146.73,148.56,302928,0.0,0
2019-11-15,149.01,150.45,148.86,149.9,354782,0.0,0
2019-11-18,149.65,150.4,147.92,148.12,327139,0.0,0
2019-11-19,149.01,149.6,146.78,146.78,315504,0.0,0
2019-11-20,147.07,149.11,146.38,148.12,287144,0.0,0
2019-11-21,147.62,148.96,145.73,148.86,389991,0.0,0
2019-11-22,148.26,149.75,148.26,148.31,254603,0.0,0
2019-11-25,148.86,151.84,148.86,150.55,255459,0.0,0
2019-11-26,150.84,152.78,150.35,152.78,505985,0.0,0
2019-11-27,152.83,155.16,152.43,153.92,432959,0.0,0
2019-11-28,153.62,154.17,151.99,152.18,206672,0.0,0
2019-11-29,152.18,153.47,151.44,152.23,225269,0.0,0
2019-12-02,151.99,153.92,147.07,147.07,507032,0.0,0
2019-12-03,148.71,151.69,148.16,149.95,460601,0.0,0
2019-12-04,150.1,152.08,149.9,150.4,276467,0.0,0
2019-12-05,150.2,151.59,149.65,149.65,275804,0.0,0
2019-12-06,149.7,150.45,148.71,149.65,275152,0.0,0
2019-12-09,150.35,150.35,146.63,146.78,347083,0.0,0
2019-12-10,147.17,148.51,145.83,147.97,361647,0.0,0
2019-12-11,147.97,148.51,147.07,147.87,219226,0.0,0
2019-12-12,148.02,149.21,147.67,148.61,321544,0.0,0
2019-12-13,149.21,150.4,146.38,146.38,435046,0.0,0
2019-12-16,147.37,148.07,146.38,147.02,285827,0.0,0
2019-12-17,147.07,149.01,147.02,148.66,389828,0.0,0
2019-12-18,148.61,149.75,148.51,148.86,275711,0.0,0
2019-12-19,149.26,150.1,147.72,148.71,332905,0.0,0
2019-12-20,149.85,150.3,148.91,149.85,804092,0.0,0
2019-12-23,149.85,151.19,149.5,150.94,209706,0.0,0
2019-12-27,150.3,151.34,149.06,150.84,282084,0.0,0
2019-12-30,150.25,150.6,146.78,146.78,324572,0.0,0
2020-01-02,147.42,148.46,146.63,148.41,254932,0.0,0
2020-01-03,148.36,149.21,147.12,148.36,307069,0.0,0
2020-01-06,147.77,148.07,144.89,147.07,264605,0.0,0
2020-01-07,147.52,148.51,146.97,147.67,285810,0.0,0
2020-01-08,146.48,150.45,146.38,150.45,502401,0.0,0
2020-01-09,150.65,152.88,150.5,151.59,538748,0.0,0
2020-01-10,152.23,156.3,152.23,154.81,719140,0.0,0
2020-01-13,154.71,156.45,153.28,154.47,491076,0.0,0
2020-01-14,155.36,155.81,154.32,155.06,340888,0.0,0
2020-01-15,153.62,154.96,153.47,154.02,476352,0.0,0
2020-01-16,154.81,154.91,152.08,153.08,389116,0.0,0
2020-01-17,154.66,157.05,154.07,155.91,527148,0.0,0
2020-01-20,156.3,156.5,155.21,156.05,216833,0.0,0
2020-01-21,155.31,155.31,153.23,153.92,383652,0.0,0
2020-01-22,156.0,157.49,155.06,155.36,470864,0.0,0
2020-01-23,155.81,155.91,153.23,154.12,473075,0.0,0
2020-01-24,154.81,156.75,154.37,155.81,358411,0.0,0
2020-01-27,153.82,155.06,150.05,150.05,703649,0.0,0
2020-01-28,151.84,155.16,150.7,155.16,590751,0.0,0
2020-01-29,155.11,157.05,154.17,155.41,492268,0.0,0
2020-01-30,154.86,155.01,152.88,153.23,491917,0.0,0
2020-01-31,154.66,154.66,151.24,151.34,687131,0.0,0
2020-02-03,152.53,153.23,148.76,153.08,545511,0.0,0
2020-02-04,153.82,155.95,148.41,149.55,1264330,0.0,0
2020-02-05,150.0,153.28,148.26,152.13,785965,0.0,0
2020-02-06,152.28,152.88,149.45,152.23,517376,0.0,0
2020-02-07,152.23,152.83,151.04,151.99,431913,0.0,0
2020-02-10,151.64,153.23,151.24,152.08,326371,0.0,0
2020-02-11,152.83,155.76,152.33,155.41,735197,0.0,0
2020-02-12,155.81,158.34,154.66,158.34,628575,0.0,0
2020-02-13,157.79,158.29,155.56,157.44,550042,0.0,0
2020-02-14,158.29,159.38,157.69,158.54,411902,0.0,0
2020-02-17,159.38,162.36,159.13,162.01,510846,0.0,0
2020-02-18,161.07,164.14,160.67,163.7,620633,0.0,0
2020-02-19,163.75,167.76,163.5,165.93,655592,0.0,0
2020-02-20,164.94,165.33,162.9,162.9,492801,0.0,0
2020-02-21,162.36,163.2,157.99,158.58,757510,0.0,0
2020-02-24,151.89,152.98,147.82,150.15,1316232,0.0,0
2020-02-25,151.09,151.44,146.78,149.85,824481,0.0,0
2020-02-26,149.31,150.2,142.51,149.01,1027420,0.0,0
2020-02-27,145.34,146.28,140.97,143.4,1149365,0.0,0
2020-02-28,139.38,142.86,137.89,140.47,1352945,0.0,0
2020-03-02,144.29,144.64,136.31,140.08,1046357,0.0,0
2020-03-03,142.9,145.29,141.42,142.21,759619,0.0,0
2020-03-04,142.26,142.46,138.84,140.92,817507,0.0,0
2020-03-05,141.61,142.06,137.15,138.89,646463,0.0,0
2020-03-06,135.46,136.5,131.69,133.97,857036,0.0,0
2020-03-09,119.09,126.23,116.21,123.75,1634543,0.0,0
2020-03-10,124.25,131.89,123.7,124.55,1407736,0.0,0
2020-03-11,126.03,129.71,125.69,128.17,1245216,0.0,0
2020-03-12,124.05,124.69,115.02,115.02,1927170,0.0,0
2020-03-13,121.07,132.88,118.29,122.26,1631952,0.0,0
2020-03-16,115.12,124.69,113.13,121.07,1816853,0.0,0
2020-03-17,124.05,126.53,120.28,125.19,1203059,0.0,0
2020-03-18,123.06,126.98,121.02,126.53,873210,0.0,0
2020-03-19,127.82,130.65,122.46,129.41,1186113,0.0,0
2020-03-20,131.1,133.13,125.98,130.0,1389871,0.0,0
2020-03-23,125.24,127.47,120.68,124.25,1220418,0.0,0
2020-03-24,126.73,137.55,125.24,137.55,1173562,0.0,0
2020-03-25,138.09,142.01,132.68,138.84,939138,0.0,0
2020-03-26,137.2,140.82,135.02,140.13,714851,0.0,0
2020-03-27,137.94,142.9,136.01,136.55,831255,0.0,0
2020-03-30,136.55,138.49,135.26,138.09,537706,0.0,0
2020-03-31,139.63,140.47,136.36,140.47,644595,0.0,0
2020-04-01,138.74,140.08,135.51,135.61,539656,0.0,0
2020-04-02,137.55,137.55,132.48,134.32,778021,0.0,0
2020-04-03,131.64,133.58,125.39,125.44,913203,0.0,0
2020-04-06,130.7,131.49,128.02,131.49,477826,0.0,0
2020-04-07,135.46,139.43,133.73,135.31,757183,0.0,0
2020-04-08,134.97,140.18,134.47,140.18,381513,0.0,0
2020-04-09,141.61,143.9,137.65,139.53,542103,0.0,0
2020-04-14,140.62,142.36,140.03,140.37,423616,0.0,0
2020-04-15,140.57,142.11,136.4,136.55,485913,0.0,0
2020-04-16,138.29,142.66,137.1,141.86,536219,0.0,0
2020-04-17,144.44,149.31,144.15,147.47,782746,0.0,0
2020-04-20,148.45,148.55,145.0,145.6,369362,1.13,0
2020-04-21,144.15,148.3,142.6,142.6,542200,0.0,0
2020-04-22,142.9,146.2,142.6,145.3,404346,0.0,0
2020-04-23,146.8,146.85,144.2,146.55,275812,0.0,0
2020-04-24,143.1,146.85,143.1,144.05,285278,0.0,0
2020-04-27,147.05,147.6,145.1,147.0,308663,0.0,0
2020-04-28,146.1,148.4,145.7,145.9,520811,0.0,0
2020-04-29,145.9,147.8,144.75,146.35,389395,0.0,0
2020-04-30,146.85,147.3,142.75,143.4,676157,0.0,0
2020-05-04,140.1,146.3,134.4,145.5,1036258,0.0,0
2020-05-05,144.4,146.15,141.05,144.6,447404,0.0,0
2020-05-06,143.75,146.9,143.75,146.5,430970,0.0,0
2020-05-07,145.5,147.6,144.15,145.65,334728,0.0,0
2020-05-08,146.4,147.2,145.45,146.45,209300,0.0,0
2020-05-11,147.0,148.15,145.75,147.65,304745,0.0,0
2020-05-12,147.9,148.75,145.4,146.15,299356,0.0,0
2020-05-13,145.4,146.75,144.0,144.0,341163,0.0,0
2020-05-14,143.6,144.0,139.9,142.2,402363,0.0,0
2020-05-15,143.8,146.55,143.15,144.9,368876,0.0,0
2020-05-18,146.8,151.1,146.05,150.15,521054,0.0,0
2020-05-19,150.1,150.65,145.35,146.1,782515,0.0,0
2020-05-20,145.6,147.2,144.3,145.25,698725,0.0,0
2020-05-21,144.3,146.5,143.2,144.6,366386,0.0,0
2020-05-22,143.5,147.45,142.9,146.8,449932,0.0,0
2020-05-25,147.9,149.5,147.05,149.4,216429,0.0,0
2020-05-26,150.4,150.8,148.25,149.4,355035,0.0,0
2020-05-27,149.4,151.5,146.8,147.65,693063,0.0,0
2020-05-28,149.0,151.8,147.7,151.8,516670,0.0,0
2020-05-29,150.25,153.4,150.0,151.9,1004870,0.0,0
2020-06-01,154.0,154.1,150.2,152.15,257608,0.0,0
2020-06-02,152.95,153.55,151.2,152.5,593302,0.0,0
2020-06-03,153.8,157.2,153.2,157.05,668509,0.0,0
2020-06-04,155.65,157.95,153.65,155.2,632188,0.0,0
2020-06-05,156.7,157.0,152.35,153.9,711658,0.0,0
2020-06-08,152.5,152.75,150.05,151.6,568846,0.0,0
2020-06-09,151.85,154.5,151.7,153.35,566410,0.0,0
2020-06-10,154.75,155.4,153.35,154.5,450750,0.0,0
2020-06-11,151.4,152.45,147.75,148.95,656012,0.0,0
2020-06-12,147.2,150.9,146.45,148.65,383392,0.0,0
2020-06-15,145.6,148.95,144.4,148.2,311312,0.0,0
2020-06-16,151.4,153.8,149.6,152.2,491103,0.0,0
2020-06-17,150.5,152.05,149.75,150.9,494969,0.0,0
2020-06-18,151.85,152.35,149.35,150.7,312476,0.0,0
2020-06-19,151.85,151.9,149.3,151.7,748116,0.0,0
2020-06-22,150.5,154.85,150.05,152.1,347381,0.0,0
2020-06-23,152.4,155.0,151.85,154.6,409887,0.0,0
2020-06-24,153.6,154.45,149.55,149.55,344973,0.0,0
2020-06-25,149.5,150.55,145.75,149.9,421854,0.0,0
2020-06-26,151.6,153.75,150.5,151.4,366997,0.0,0
2020-06-29,150.8,153.2,150.3,151.9,332116,0.0,0
2020-06-30,152.1,152.9,149.85,151.85,336372,0.0,0
2020-07-01,151.2,152.85,149.65,151.45,271879,0.0,0
2020-07-02,153.0,155.0,152.35,154.9,379262,0.0,0
2020-07-03,155.0,155.35,153.35,153.6,167997,0.0,0
2020-07-06,156.0,156.6,154.8,156.6,382101,0.0,0
2020-07-07,155.1,156.55,154.85,155.55,247864,0.0,0
2020-07-08,155.0,156.95,154.5,154.5,289555,0.0,0
2020-07-09,155.25,156.6,154.55,154.7,289865,0.0,0
2020-07-10,155.4,157.85,155.15,157.0,336049,0.0,0
2020-07-13,159.0,159.3,157.15,158.55,252776,0.0,0
2020-07-14,156.5,157.1,153.35,155.3,365722,0.0,0
2020-07-15,156.25,158.1,155.85,157.25,343678,0.0,0
2020-07-16,156.2,157.45,154.7,154.9,355254,0.0,0
2020-07-17,155.9,156.6,153.4,154.1,334397,0.0,0
